STATION,NAME,LATITUDE,LONGITUDE,ELEVATION,DATE,DSND,DT32,DX32,PRCP,SNOW,TMAX,TMIN
USW00024023,"NORTH PLATTE REGIONAL AIRPORT, NE US",41.12199,-100.66895,841.9,1990-01,6,31,1,0.27,5.9,46,15.1
USW00024023,"NORTH PLATTE REGIONAL AIRPORT, NE US",41.12199,-100.66895,841.9,1990-02,3,28,6,0.18,1.9,44.1,17.6
USW00024023,"NORTH PLATTE REGIONAL AIRPORT, NE US",41.12199,-100.66895,841.9,1990-03,4,22,2,1.75,5.3,52.6,27.3
USW00024023,"NORTH PLATTE REGIONAL AIRPORT, NE US",41.12199,-100.66895,841.9,1990-04,0,15,0,1.52,0.3,62.5,34.5
USW00024023,"NORTH PLATTE REGIONAL AIRPORT, NE US",41.12199,-100.66895,841.9,1990-05,0,3,0,3.65,0,69.1,44.3
USW00024023,"NORTH PLATTE REGIONAL AIRPORT, NE US",41.12199,-100.66895,841.9,1990-06,0,0,0,1.9,0,86.1,56.1
USW00024023,"NORTH PLATTE REGIONAL AIRPORT, NE US",41.12199,-100.66895,841.9,1990-07,0,0,0,2,0,88,59.4
USW00024023,"NORTH PLATTE REGIONAL AIRPORT, NE US",41.12199,-100.66895,841.9,1990-08,0,0,0,1.79,0,89,59
USW00024023,"NORTH PLATTE REGIONAL AIRPORT, NE US",41.12199,-100.66895,841.9,1990-09,0,1,0,0.31,0,84.8,50.3
USW00024023,"NORTH PLATTE REGIONAL AIRPORT, NE US",41.12199,-100.66895,841.9,1990-10,1,14,0,1.48,2,68.2,32.2
USW00024023,"NORTH PLATTE REGIONAL AIRPORT, NE US",41.12199,-100.66895,841.9,1990-11,11,26,2,0.87,9.7,53.9,22.2
USW00024023,"NORTH PLATTE REGIONAL AIRPORT, NE US",41.12199,-100.66895,841.9,1990-12,1,31,13,0.09,0.8,35.2,8.6
USW00024023,"NORTH PLATTE REGIONAL AIRPORT, NE US",41.12199,-100.66895,841.9,1991-01,11,31,11,0.35,4.1,36.3,9.9
USW00024023,"NORTH PLATTE REGIONAL AIRPORT, NE US",41.12199,-100.66895,841.9,1991-02,1,28,1,0.21,1.1,54.8,20.1
USW00024023,"NORTH PLATTE REGIONAL AIRPORT, NE US",41.12199,-100.66895,841.9,1991-03,2,28,1,0.99,5.6,55.7,25.3
USW00024023,"NORTH PLATTE REGIONAL AIRPORT, NE US",41.12199,-100.66895,841.9,1991-04,0,6,0,3,0,61.5,37.2
USW00024023,"NORTH PLATTE REGIONAL AIRPORT, NE US",41.12199,-100.66895,841.9,1991-05,0,3,0,5.4,0,73.7,50
USW00024023,"NORTH PLATTE REGIONAL AIRPORT, NE US",41.12199,-100.66895,841.9,1991-06,0,0,0,2.78,0,82.7,59.3
USW00024023,"NORTH PLATTE REGIONAL AIRPORT, NE US",41.12199,-100.66895,841.9,1991-07,0,0,0,1.81,0,89.2,60.5
USW00024023,"NORTH PLATTE REGIONAL AIRPORT, NE US",41.12199,-100.66895,841.9,1991-08,0,0,0,0.54,0,88.4,58.9
USW00024023,"NORTH PLATTE REGIONAL AIRPORT, NE US",41.12199,-100.66895,841.9,1991-09,0,2,0,1.75,0,78.9,48.2
USW00024023,"NORTH PLATTE REGIONAL AIRPORT, NE US",41.12199,-100.66895,841.9,1991-10,1,16,3,2.14,7.3,65.7,31.1
USW00024023,"NORTH PLATTE REGIONAL AIRPORT, NE US",41.12199,-100.66895,841.9,1991-11,7,29,5,0.92,1.6,44.5,19.9
USW00024023,"NORTH PLATTE REGIONAL AIRPORT, NE US",41.12199,-100.66895,841.9,1991-12,2,30,2,0.67,1.8,46.3,20.5
USW00024023,"NORTH PLATTE REGIONAL AIRPORT, NE US",41.12199,-100.66895,841.9,1992-01,6,31,2,0.89,5.4,44.8,19.4
USW00024023,"NORTH PLATTE REGIONAL AIRPORT, NE US",41.12199,-100.66895,841.9,1992-02,2,27,1,1.43,1.2,50.6,24
USW00024023,"NORTH PLATTE REGIONAL AIRPORT, NE US",41.12199,-100.66895,841.9,1992-03,4,23,0,2.98,5.1,55.4,28
USW00024023,"NORTH PLATTE REGIONAL AIRPORT, NE US",41.12199,-100.66895,841.9,1992-04,0,12,0,0.18,0.3,65.4,35.8
USW00024023,"NORTH PLATTE REGIONAL AIRPORT, NE US",41.12199,-100.66895,841.9,1992-05,0,2,0,3.17,0,73.2,44
USW00024023,"NORTH PLATTE REGIONAL AIRPORT, NE US",41.12199,-100.66895,841.9,1992-06,0,0,0,2.61,0,77.3,54
USW00024023,"NORTH PLATTE REGIONAL AIRPORT, NE US",41.12199,-100.66895,841.9,1992-07,0,0,0,3.75,0,81.3,55.7
USW00024023,"NORTH PLATTE REGIONAL AIRPORT, NE US",41.12199,-100.66895,841.9,1992-08,0,0,0,6.31,0,79,54
USW00024023,"NORTH PLATTE REGIONAL AIRPORT, NE US",41.12199,-100.66895,841.9,1992-09,0,1,0,0.25,0,79.1,46.8
USW00024023,"NORTH PLATTE REGIONAL AIRPORT, NE US",41.12199,-100.66895,841.9,1992-10,0,11,0,0.93,0,65.6,34.1
USW00024023,"NORTH PLATTE REGIONAL AIRPORT, NE US",41.12199,-100.66895,841.9,1992-11,4,26,4,0.2,2.2,42.9,21.9
USW00024023,"NORTH PLATTE REGIONAL AIRPORT, NE US",41.12199,-100.66895,841.9,1992-12,10,31,15,0.33,3.9,34.6,10.5
USW00024023,"NORTH PLATTE REGIONAL AIRPORT, NE US",41.12199,-100.66895,841.9,1993-01,23,31,20,0.75,10.1,29.6,7.2
USW00024023,"NORTH PLATTE REGIONAL AIRPORT, NE US",41.12199,-100.66895,841.9,1993-02,18,28,15,1.37,17.2,29.7,6.2
USW00024023,"NORTH PLATTE REGIONAL AIRPORT, NE US",41.12199,-100.66895,841.9,1993-03,10,25,4,0.62,2.7,48.7,25.3
USW00024023,"NORTH PLATTE REGIONAL AIRPORT, NE US",41.12199,-100.66895,841.9,1993-04,1,13,0,1.8,2,57.9,33
USW00024023,"NORTH PLATTE REGIONAL AIRPORT, NE US",41.12199,-100.66895,841.9,1993-05,0,2,0,2.47,0,71.8,45.6
USW00024023,"NORTH PLATTE REGIONAL AIRPORT, NE US",41.12199,-100.66895,841.9,1993-06,0,0,0,6.11,0,77.9,52.6
USW00024023,"NORTH PLATTE REGIONAL AIRPORT, NE US",41.12199,-100.66895,841.9,1993-07,0,0,0,5.47,0,82.6,60.5
USW00024023,"NORTH PLATTE REGIONAL AIRPORT, NE US",41.12199,-100.66895,841.9,1993-08,0,0,0,3.78,0,81.9,58.6
USW00024023,"NORTH PLATTE REGIONAL AIRPORT, NE US",41.12199,-100.66895,841.9,1993-09,0,2,0,0.71,0,72.8,43.7
USW00024023,"NORTH PLATTE REGIONAL AIRPORT, NE US",41.12199,-100.66895,841.9,1993-10,0,13,0,1.59,0,64,33
USW00024023,"NORTH PLATTE REGIONAL AIRPORT, NE US",41.12199,-100.66895,841.9,1993-11,2,30,5,1.32,3.9,46.8,18.5
USW00024023,"NORTH PLATTE REGIONAL AIRPORT, NE US",41.12199,-100.66895,841.9,1993-12,7,31,7,0.22,3.3,43.3,17.5
USW00024023,"NORTH PLATTE REGIONAL AIRPORT, NE US",41.12199,-100.66895,841.9,1994-01,16,31,14,0.53,10.6,35.7,12.3
USW00024023,"NORTH PLATTE REGIONAL AIRPORT, NE US",41.12199,-100.66895,841.9,1994-02,7,27,11,0.3,6.1,35.7,11.6
USW00024023,"NORTH PLATTE REGIONAL AIRPORT, NE US",41.12199,-100.66895,841.9,1994-03,0,28,0,0.05,0.4,58.9,24.1
USW00024023,"NORTH PLATTE REGIONAL AIRPORT, NE US",41.12199,-100.66895,841.9,1994-04,4,16,0,1.47,11.5,62.5,33.1
USW00024023,"NORTH PLATTE REGIONAL AIRPORT, NE US",41.12199,-100.66895,841.9,1994-05,0,1,0,1.16,0,77.1,48.1
USW00024023,"NORTH PLATTE REGIONAL AIRPORT, NE US",41.12199,-100.66895,841.9,1994-06,0,0,0,4.92,0,85.3,58.1
USW00024023,"NORTH PLATTE REGIONAL AIRPORT, NE US",41.12199,-100.66895,841.9,1994-07,0,0,0,4.52,0,84,57
USW00024023,"NORTH PLATTE REGIONAL AIRPORT, NE US",41.12199,-100.66895,841.9,1994-08,0,0,0,1.24,0,86.8,58.4
USW00024023,"NORTH PLATTE REGIONAL AIRPORT, NE US",41.12199,-100.66895,841.9,1994-09,0,0,0,0.6,0,82.3,48.5
USW00024023,"NORTH PLATTE REGIONAL AIRPORT, NE US",41.12199,-100.66895,841.9,1994-10,0,8,0,2.63,0,65.9,38
USW00024023,"NORTH PLATTE REGIONAL AIRPORT, NE US",41.12199,-100.66895,841.9,1994-11,1,21,1,0.78,4.6,49.8,25
USW00024023,"NORTH PLATTE REGIONAL AIRPORT, NE US",41.12199,-100.66895,841.9,1994-12,13,31,8,0.66,9,42.9,15.2
USW00024023,"NORTH PLATTE REGIONAL AIRPORT, NE US",41.12199,-100.66895,841.9,1995-01,11,31,6,0.12,0.1,41,12.5
USW00024023,"NORTH PLATTE REGIONAL AIRPORT, NE US",41.12199,-100.66895,841.9,1995-02,2,27,6,0.09,2.7,49.6,18.3
USW00024023,"NORTH PLATTE REGIONAL AIRPORT, NE US",41.12199,-100.66895,841.9,1995-03,8,22,7,1.21,7.4,51.3,24.2
USW00024023,"NORTH PLATTE REGIONAL AIRPORT, NE US",41.12199,-100.66895,841.9,1995-04,4,20,2,3.09,9.6,56.5,31
USW00024023,"NORTH PLATTE REGIONAL AIRPORT, NE US",41.12199,-100.66895,841.9,1995-05,0,0,0,4.52,0,62.5,42.7
USW00024023,"NORTH PLATTE REGIONAL AIRPORT, NE US",41.12199,-100.66895,841.9,1995-06,0,0,0,2.59,0,79.1,54.3
USW00024023,"NORTH PLATTE REGIONAL AIRPORT, NE US",41.12199,-100.66895,841.9,1995-07,0,0,0,2.02,0,88.6,59
USW00024023,"NORTH PLATTE REGIONAL AIRPORT, NE US",41.12199,-100.66895,841.9,1995-08,0,0,0,0.73,0,93.5,65
USW00024023,"NORTH PLATTE REGIONAL AIRPORT, NE US",41.12199,-100.66895,841.9,1995-09,0,3,0,1.98,0.7,77.6,47.5
USW00024023,"NORTH PLATTE REGIONAL AIRPORT, NE US",41.12199,-100.66895,841.9,1995-10,4,15,0,0.87,4.1,63.7,32.6
USW00024023,"NORTH PLATTE REGIONAL AIRPORT, NE US",41.12199,-100.66895,841.9,1995-11,0,30,1,0.08,0.8,55.3,21.8
USW00024023,"NORTH PLATTE REGIONAL AIRPORT, NE US",41.12199,-100.66895,841.9,1995-12,0,31,7,0.02,0.5,42.5,15.1
USW00024023,"NORTH PLATTE REGIONAL AIRPORT, NE US",41.12199,-100.66895,841.9,1996-01,10,31,12,0.5,4.9,35,6.7
USW00024023,"NORTH PLATTE REGIONAL AIRPORT, NE US",41.12199,-100.66895,841.9,1996-02,3,28,6,0,0,47.2,13.1
USW00024023,"NORTH PLATTE REGIONAL AIRPORT, NE US",41.12199,-100.66895,841.9,1996-03,1,29,6,0.33,3.4,46.8,15.6
USW00024023,"NORTH PLATTE REGIONAL AIRPORT, NE US",41.12199,-100.66895,841.9,1996-04,1,17,0,0.84,4,64,30.6
USW00024023,"NORTH PLATTE REGIONAL AIRPORT, NE US",41.12199,-100.66895,841.9,1996-05,0,1,0,5.18,0,67.5,45.7
USW00024023,"NORTH PLATTE REGIONAL AIRPORT, NE US",41.12199,-100.66895,841.9,1996-06,0,0,0,3.88,0,81.4,55.5
USW00024023,"NORTH PLATTE REGIONAL AIRPORT, NE US",41.12199,-100.66895,841.9,1996-07,0,0,0,5.57,0,83.4,59
USW00024023,"NORTH PLATTE REGIONAL AIRPORT, NE US",41.12199,-100.66895,841.9,1996-08,0,0,0,3.25,0,82.1,57.9
USW00024023,"NORTH PLATTE REGIONAL AIRPORT, NE US",41.12199,-100.66895,841.9,1996-09,0,2,0,5.55,0,71,47.2
USW00024023,"NORTH PLATTE REGIONAL AIRPORT, NE US",41.12199,-100.66895,841.9,1996-10,0,15,0,0.33,0,63.7,33.5
USW00024023,"NORTH PLATTE REGIONAL AIRPORT, NE US",41.12199,-100.66895,841.9,1996-11,7,30,7,0.4,5.2,42.3,19.1
USW00024023,"NORTH PLATTE REGIONAL AIRPORT, NE US",41.12199,-100.66895,841.9,1996-12,2,31,8,0.03,1,39,11
USW00024023,"NORTH PLATTE REGIONAL AIRPORT, NE US",41.12199,-100.66895,841.9,1997-01,0,31,12,0,0.9,38.1,8.5
USW00024023,"NORTH PLATTE REGIONAL AIRPORT, NE US",41.12199,-100.66895,841.9,1997-02,14,28,7,0.73,12.1,40.9,17.1
USW00024023,"NORTH PLATTE REGIONAL AIRPORT, NE US",41.12199,-100.66895,841.9,1997-03,2,30,2,0.07,0.5,57.1,21.9
USW00024023,"NORTH PLATTE REGIONAL AIRPORT, NE US",41.12199,-100.66895,841.9,1997-04,4,18,3,1,4.4,55.5,29.1
USW00024023,"NORTH PLATTE REGIONAL AIRPORT, NE US",41.12199,-100.66895,841.9,1997-05,0,8,0,1.88,0,70.4,39.7
USW00024023,"NORTH PLATTE REGIONAL AIRPORT, NE US",41.12199,-100.66895,841.9,1997-06,0,0,0,2.58,0,83.7,55.2
USW00024023,"NORTH PLATTE REGIONAL AIRPORT, NE US",41.12199,-100.66895,841.9,1997-07,0,0,0,3.19,0,87.7,60
USW00024023,"NORTH PLATTE REGIONAL AIRPORT, NE US",41.12199,-100.66895,841.9,1997-08,0,0,0,3.41,0,82.9,58.8
USW00024023,"NORTH PLATTE REGIONAL AIRPORT, NE US",41.12199,-100.66895,841.9,1997-09,0,0,0,1.76,0,78.1,50.3
USW00024023,"NORTH PLATTE REGIONAL AIRPORT, NE US",41.12199,-100.66895,841.9,1997-10,2,14,2,2.78,5.7,65.9,36.3
USW00024023,"NORTH PLATTE REGIONAL AIRPORT, NE US",41.12199,-100.66895,841.9,1997-11,1,28,3,0.04,1.6,48.9,18.9
USW00024023,"NORTH PLATTE REGIONAL AIRPORT, NE US",41.12199,-100.66895,841.9,1997-12,2,31,7,0.2,3.2,40.5,15.9
USW00024023,"NORTH PLATTE REGIONAL AIRPORT, NE US",41.12199,-100.66895,841.9,1998-01,8,31,9,0.28,4.4,39.6,12.3
USW00024023,"NORTH PLATTE REGIONAL AIRPORT, NE US",41.12199,-100.66895,841.9,1998-02,1,25,4,0.4,4.2,45,24.4
USW00024023,"NORTH PLATTE REGIONAL AIRPORT, NE US",41.12199,-100.66895,841.9,1998-03,7,25,8,1.31,8.8,43.7,21.4
USW00024023,"NORTH PLATTE REGIONAL AIRPORT, NE US",41.12199,-100.66895,841.9,1998-04,1,18,0,0.67,0,61.5,31.1
USW00024023,"NORTH PLATTE REGIONAL AIRPORT, NE US",41.12199,-100.66895,841.9,1998-05,0,3,0,2.93,0,74.9,44.3
USW00024023,"NORTH PLATTE REGIONAL AIRPORT, NE US",41.12199,-100.66895,841.9,1998-06,0,1,0,4.84,0,78.2,50
USW00024023,"NORTH PLATTE REGIONAL AIRPORT, NE US",41.12199,-100.66895,841.9,1998-07,0,0,0,5.81,0,87.3,63.2
USW00024023,"NORTH PLATTE REGIONAL AIRPORT, NE US",41.12199,-100.66895,841.9,1998-08,0,0,0,1.85,0,85.4,59.4
USW00024023,"NORTH PLATTE REGIONAL AIRPORT, NE US",41.12199,-100.66895,841.9,1998-09,0,0,0,1.13,0,84.2,52.8
USW00024023,"NORTH PLATTE REGIONAL AIRPORT, NE US",41.12199,-100.66895,841.9,1998-10,0,12,0,1.93,0,62.8,36.6
USW00024023,"NORTH PLATTE REGIONAL AIRPORT, NE US",41.12199,-100.66895,841.9,1998-11,1,28,0,1.31,5.7,52.3,26.3
USW00024023,"NORTH PLATTE REGIONAL AIRPORT, NE US",41.12199,-100.66895,841.9,1998-12,4,31,6,0.01,0.7,44,11.4
USW00024023,"NORTH PLATTE REGIONAL AIRPORT, NE US",41.12199,-100.66895,841.9,1999-01,8,31,7,0.34,4.5,41.4,13.8
USW00024023,"NORTH PLATTE REGIONAL AIRPORT, NE US",41.12199,-100.66895,841.9,1999-02,2,28,0,0.26,5.2,54.4,19
USW00024023,"NORTH PLATTE REGIONAL AIRPORT, NE US",41.12199,-100.66895,841.9,1999-03,2,26,3,0.64,2.7,53.1,23.9
USW00024023,"NORTH PLATTE REGIONAL AIRPORT, NE US",41.12199,-100.66895,841.9,1999-04,1,15,0,2.83,1.2,57.6,32.8
USW00024023,"NORTH PLATTE REGIONAL AIRPORT, NE US",41.12199,-100.66895,841.9,1999-05,0,3,0,1.93,0,71.1,43.1
USW00024023,"NORTH PLATTE REGIONAL AIRPORT, NE US",41.12199,-100.66895,841.9,1999-06,0,0,0,5.33,0,78.5,55.3
USW00024023,"NORTH PLATTE REGIONAL AIRPORT, NE US",41.12199,-100.66895,841.9,1999-07,0,0,0,0.93,0,89.1,62
USW00024023,"NORTH PLATTE REGIONAL AIRPORT, NE US",41.12199,-100.66895,841.9,1999-08,0,0,0,5.5,0,83.3,58.1
USW00024023,"NORTH PLATTE REGIONAL AIRPORT, NE US",41.12199,-100.66895,841.9,1999-09,0,3,0,1.2,0,73.1,43.1
USW00024023,"NORTH PLATTE REGIONAL AIRPORT, NE US",41.12199,-100.66895,841.9,1999-10,0,18,0,0.22,0,68.5,31.5
USW00024023,"NORTH PLATTE REGIONAL AIRPORT, NE US",41.12199,-100.66895,841.9,1999-11,0,30,0,0.14,1.4,61,22.5
USW00024023,"NORTH PLATTE REGIONAL AIRPORT, NE US",41.12199,-100.66895,841.9,1999-12,0,31,1,0.05,1.1,48,13.4
USW00024023,"NORTH PLATTE REGIONAL AIRPORT, NE US",41.12199,-100.66895,841.9,2000-01,6,31,9,0.31,8.1,42.2,12.3
USW00024023,"NORTH PLATTE REGIONAL AIRPORT, NE US",41.12199,-100.66895,841.9,2000-02,7,28,5,0.46,3.6,49.3,18.5
USW00024023,"NORTH PLATTE REGIONAL AIRPORT, NE US",41.12199,-100.66895,841.9,2000-03,0,25,0,1.22,0.8,54.9,26.9
USW00024023,"NORTH PLATTE REGIONAL AIRPORT, NE US",41.12199,-100.66895,841.9,2000-04,0,16,1,1.65,0,65.7,30.2
USW00024023,"NORTH PLATTE REGIONAL AIRPORT, NE US",41.12199,-100.66895,841.9,2000-05,0,4,0,1.22,0,75.8,45.6
USW00024023,"NORTH PLATTE REGIONAL AIRPORT, NE US",41.12199,-100.66895,841.9,2000-06,0,0,0,1.54,0,85.1,50.6
USW00024023,"NORTH PLATTE REGIONAL AIRPORT, NE US",41.12199,-100.66895,841.9,2000-07,0,0,0,2.86,0,90.4,62.5
USW00024023,"NORTH PLATTE REGIONAL AIRPORT, NE US",41.12199,-100.66895,841.9,2000-08,0,0,0,2.05,0,92.6,62.3
USW00024023,"NORTH PLATTE REGIONAL AIRPORT, NE US",41.12199,-100.66895,841.9,2000-09,0,3,0,1.22,2.8,80.6,46.6
USW00024023,"NORTH PLATTE REGIONAL AIRPORT, NE US",41.12199,-100.66895,841.9,2000-10,0,10,0,3.24,0,66,36.2
USW00024023,"NORTH PLATTE REGIONAL AIRPORT, NE US",41.12199,-100.66895,841.9,2000-11,19,28,10,0.53,10.6,37.3,11.9
USW00024023,"NORTH PLATTE REGIONAL AIRPORT, NE US",41.12199,-100.66895,841.9,2000-12,3,31,13,0.04,1,33,10.1
USW00024023,"NORTH PLATTE REGIONAL AIRPORT, NE US",41.12199,-100.66895,841.9,2001-01,12,31,7,0.48,7.4,41.2,14.1
USW00024023,"NORTH PLATTE REGIONAL AIRPORT, NE US",41.12199,-100.66895,841.9,2001-02,9,28,14,0.4,5.4,34,12.8
USW00024023,"NORTH PLATTE REGIONAL AIRPORT, NE US",41.12199,-100.66895,841.9,2001-03,4,28,1,0.6,4.2,48.8,24.9
USW00024023,"NORTH PLATTE REGIONAL AIRPORT, NE US",41.12199,-100.66895,841.9,2001-04,1,12,0,5.94,6.3,62.5,35.6
USW00024023,"NORTH PLATTE REGIONAL AIRPORT, NE US",41.12199,-100.66895,841.9,2001-05,0,2,0,2.19,0,69.5,44.4
USW00024023,"NORTH PLATTE REGIONAL AIRPORT, NE US",41.12199,-100.66895,841.9,2001-06,0,0,0,1.71,0,82.6,52.4
USW00024023,"NORTH PLATTE REGIONAL AIRPORT, NE US",41.12199,-100.66895,841.9,2001-07,0,0,0,2.53,0,91.7,63.3
USW00024023,"NORTH PLATTE REGIONAL AIRPORT, NE US",41.12199,-100.66895,841.9,2001-08,0,0,0,5.26,0,84.8,57.3
USW00024023,"NORTH PLATTE REGIONAL AIRPORT, NE US",41.12199,-100.66895,841.9,2001-09,0,1,0,2.76,0,75.3,48
USW00024023,"NORTH PLATTE REGIONAL AIRPORT, NE US",41.12199,-100.66895,841.9,2001-10,0,20,0,0.8,0,65.1,31.6
USW00024023,"NORTH PLATTE REGIONAL AIRPORT, NE US",41.12199,-100.66895,841.9,2001-11,2,26,4,0.96,1.6,55.4,22.4
USW00024023,"NORTH PLATTE REGIONAL AIRPORT, NE US",41.12199,-100.66895,841.9,2001-12,2,31,5,0.07,3.4,42.3,12.4
USW00024023,"NORTH PLATTE REGIONAL AIRPORT, NE US",41.12199,-100.66895,841.9,2002-01,1,31,8,0.08,2,43.5,10.3
USW00024023,"NORTH PLATTE REGIONAL AIRPORT, NE US",41.12199,-100.66895,841.9,2002-02,1,28,2,0.01,0.2,49.4,11.6
USW00024023,"NORTH PLATTE REGIONAL AIRPORT, NE US",41.12199,-100.66895,841.9,2002-03,7,31,9,0.69,10.5,43.7,14.7
USW00024023,"NORTH PLATTE REGIONAL AIRPORT, NE US",41.12199,-100.66895,841.9,2002-04,0,15,1,1.17,0,63.8,32.2
USW00024023,"NORTH PLATTE REGIONAL AIRPORT, NE US",41.12199,-100.66895,841.9,2002-05,0,5,0,1.56,0,70.8,41.2
USW00024023,"NORTH PLATTE REGIONAL AIRPORT, NE US",41.12199,-100.66895,841.9,2002-06,0,0,0,2.2,0,89.5,60
USW00024023,"NORTH PLATTE REGIONAL AIRPORT, NE US",41.12199,-100.66895,841.9,2002-07,0,0,0,0.45,0,94.3,63.8
USW00024023,"NORTH PLATTE REGIONAL AIRPORT, NE US",41.12199,-100.66895,841.9,2002-08,0,0,0,1.3,0,88.3,58.7
USW00024023,"NORTH PLATTE REGIONAL AIRPORT, NE US",41.12199,-100.66895,841.9,2002-09,0,1,0,1.14,0,78.7,48.1
USW00024023,"NORTH PLATTE REGIONAL AIRPORT, NE US",41.12199,-100.66895,841.9,2002-10,4,16,4,2.38,8.2,54,31.5
USW00024023,"NORTH PLATTE REGIONAL AIRPORT, NE US",41.12199,-100.66895,841.9,2002-11,3,30,2,0.1,1,53,21
USW00024023,"NORTH PLATTE REGIONAL AIRPORT, NE US",41.12199,-100.66895,841.9,2002-12,0,31,3,0,0,46.8,13.5
USW00024023,"NORTH PLATTE REGIONAL AIRPORT, NE US",41.12199,-100.66895,841.9,2003-01,5,31,8,0.35,4.1,43.3,12.5
USW00024023,"NORTH PLATTE REGIONAL AIRPORT, NE US",41.12199,-100.66895,841.9,2003-02,10,28,10,0.49,8.9,38.6,12.9
USW00024023,"NORTH PLATTE REGIONAL AIRPORT, NE US",41.12199,-100.66895,841.9,2003-03,1,27,2,1.28,1,56.6,24.2
USW00024023,"NORTH PLATTE REGIONAL AIRPORT, NE US",41.12199,-100.66895,841.9,2003-04,1,10,2,3.84,7.6,62.9,36.1
USW00024023,"NORTH PLATTE REGIONAL AIRPORT, NE US",41.12199,-100.66895,841.9,2003-05,0,1,0,2.02,0,70.9,44.9
USW00024023,"NORTH PLATTE REGIONAL AIRPORT, NE US",41.12199,-100.66895,841.9,2003-06,0,0,0,5.45,0,78.9,53.3
USW00024023,"NORTH PLATTE REGIONAL AIRPORT, NE US",41.12199,-100.66895,841.9,2003-07,0,0,0,1.9,0,93,61.8
USW00024023,"NORTH PLATTE REGIONAL AIRPORT, NE US",41.12199,-100.66895,841.9,2003-08,0,0,0,0.59,0,90.5,60.6
USW00024023,"NORTH PLATTE REGIONAL AIRPORT, NE US",41.12199,-100.66895,841.9,2003-09,0,2,0,1.08,0,78.3,43.4
USW00024023,"NORTH PLATTE REGIONAL AIRPORT, NE US",41.12199,-100.66895,841.9,2003-10,0,9,0,0.49,0,71.9,35.8
USW00024023,"NORTH PLATTE REGIONAL AIRPORT, NE US",41.12199,-100.66895,841.9,2003-11,0,28,2,0.73,1.2,48.7,20.8
USW00024023,"NORTH PLATTE REGIONAL AIRPORT, NE US",41.12199,-100.66895,841.9,2003-12,0,31,5,0.03,0.7,43.4,16.4
USW00024023,"NORTH PLATTE REGIONAL AIRPORT, NE US",41.12199,-100.66895,841.9,2004-01,5,31,12,0.26,5.3,38.4,9.4
USW00024023,"NORTH PLATTE REGIONAL AIRPORT, NE US",41.12199,-100.66895,841.9,2004-02,9,26,9,0.77,5.2,40.9,13.4
USW00024023,"NORTH PLATTE REGIONAL AIRPORT, NE US",41.12199,-100.66895,841.9,2004-03,0,25,0,0.16,0.7,58.3,25.9
USW00024023,"NORTH PLATTE REGIONAL AIRPORT, NE US",41.12199,-100.66895,841.9,2004-04,1,13,0,1.9,1.5,64.4,33.2
USW00024023,"NORTH PLATTE REGIONAL AIRPORT, NE US",41.12199,-100.66895,841.9,2004-05,0,2,0,1.77,0,76.3,47
USW00024023,"NORTH PLATTE REGIONAL AIRPORT, NE US",41.12199,-100.66895,841.9,2004-06,0,0,0,5.06,0,78.6,51.1
USW00024023,"NORTH PLATTE REGIONAL AIRPORT, NE US",41.12199,-100.66895,841.9,2004-07,0,0,0,4.97,0,84.5,59.3
USW00024023,"NORTH PLATTE REGIONAL AIRPORT, NE US",41.12199,-100.66895,841.9,2004-08,0,0,0,1.25,0,82.2,53.3
USW00024023,"NORTH PLATTE REGIONAL AIRPORT, NE US",41.12199,-100.66895,841.9,2004-09,0,0,0,1.98,0,81,51.3
USW00024023,"NORTH PLATTE REGIONAL AIRPORT, NE US",41.12199,-100.66895,841.9,2004-10,0,9,0,0.96,0,65.4,38.3
USW00024023,"NORTH PLATTE REGIONAL AIRPORT, NE US",41.12199,-100.66895,841.9,2004-11,2,24,3,1.3,9.9,50.8,24.5
USW00024023,"NORTH PLATTE REGIONAL AIRPORT, NE US",41.12199,-100.66895,841.9,2004-12,6,31,3,0.06,0.6,45.6,15.5
USW00024023,"NORTH PLATTE REGIONAL AIRPORT, NE US",41.12199,-100.66895,841.9,2005-01,16,31,18,0.41,5.7,34.5,13.1
USW00024023,"NORTH PLATTE REGIONAL AIRPORT, NE US",41.12199,-100.66895,841.9,2005-02,0,27,2,0.17,1.8,49.6,18.8
USW00024023,"NORTH PLATTE REGIONAL AIRPORT, NE US",41.12199,-100.66895,841.9,2005-03,2,26,0,1.76,5.1,54.9,22.4
USW00024023,"NORTH PLATTE REGIONAL AIRPORT, NE US",41.12199,-100.66895,841.9,2005-04,0,15,0,2.33,0.4,61.8,33.6
USW00024023,"NORTH PLATTE REGIONAL AIRPORT, NE US",41.12199,-100.66895,841.9,2005-05,0,4,0,3.04,0,71.8,42.3
USW00024023,"NORTH PLATTE REGIONAL AIRPORT, NE US",41.12199,-100.66895,841.9,2005-06,0,0,0,5.07,0,81.8,58.9
USW00024023,"NORTH PLATTE REGIONAL AIRPORT, NE US",41.12199,-100.66895,841.9,2005-07,0,0,0,1.26,0,92,62.3
USW00024023,"NORTH PLATTE REGIONAL AIRPORT, NE US",41.12199,-100.66895,841.9,2005-08,0,0,0,2.78,0,86.4,59.1
USW00024023,"NORTH PLATTE REGIONAL AIRPORT, NE US",41.12199,-100.66895,841.9,2005-09,0,2,0,0.18,0,84,51.7
USW00024023,"NORTH PLATTE REGIONAL AIRPORT, NE US",41.12199,-100.66895,841.9,2005-10,0,12,0,0.78,0,67.3,34.5
USW00024023,"NORTH PLATTE REGIONAL AIRPORT, NE US",41.12199,-100.66895,841.9,2005-11,3,28,2,0.46,3.9,57.1,22
USW00024023,"NORTH PLATTE REGIONAL AIRPORT, NE US",41.12199,-100.66895,841.9,2005-12,12,31,12,0.23,3.5,39,12
USW00024023,"NORTH PLATTE REGIONAL AIRPORT, NE US",41.12199,-100.66895,841.9,2006-01,0,30,0,0.21,0,54.5,19.5
USW00024023,"NORTH PLATTE REGIONAL AIRPORT, NE US",41.12199,-100.66895,841.9,2006-02,6,28,4,0.13,2.7,44,12.1
USW00024023,"NORTH PLATTE REGIONAL AIRPORT, NE US",41.12199,-100.66895,841.9,2006-03,8,25,5,0.73,9.7,49.9,23.6
USW00024023,"NORTH PLATTE REGIONAL AIRPORT, NE US",41.12199,-100.66895,841.9,2006-04,0,7,0,1.4,0.1,69,36.5
USW00024023,"NORTH PLATTE REGIONAL AIRPORT, NE US",41.12199,-100.66895,841.9,2006-05,0,3,0,0.83,0,78.3,44.1
USW00024023,"NORTH PLATTE REGIONAL AIRPORT, NE US",41.12199,-100.66895,841.9,2006-06,0,0,0,5.03,0,87.3,57.5
USW00024023,"NORTH PLATTE REGIONAL AIRPORT, NE US",41.12199,-100.66895,841.9,2006-07,0,0,0,3.27,0,92.1,63.4
USW00024023,"NORTH PLATTE REGIONAL AIRPORT, NE US",41.12199,-100.66895,841.9,2006-08,0,0,0,1.95,0,85.3,59.3
USW00024023,"NORTH PLATTE REGIONAL AIRPORT, NE US",41.12199,-100.66895,841.9,2006-09,0,4,0,2.73,0,72.9,42.5
USW00024023,"NORTH PLATTE REGIONAL AIRPORT, NE US",41.12199,-100.66895,841.9,2006-10,0,18,0,0.86,0.8,61.2,31.6
USW00024023,"NORTH PLATTE REGIONAL AIRPORT, NE US",41.12199,-100.66895,841.9,2006-11,2,28,4,0.07,2,51.7,19.5
USW00024023,"NORTH PLATTE REGIONAL AIRPORT, NE US",41.12199,-100.66895,841.9,2006-12,11,31,10,2.56,16.3,41.8,14
USW00024023,"NORTH PLATTE REGIONAL AIRPORT, NE US",41.12199,-100.66895,841.9,2007-01,31,31,19,0.61,10.2,29.9,4.5
USW00024023,"NORTH PLATTE REGIONAL AIRPORT, NE US",41.12199,-100.66895,841.9,2007-02,23,28,13,0.81,7.9,33.5,12.6
USW00024023,"NORTH PLATTE REGIONAL AIRPORT, NE US",41.12199,-100.66895,841.9,2007-03,1,16,0,1.56,0,60.9,31.4
USW00024023,"NORTH PLATTE REGIONAL AIRPORT, NE US",41.12199,-100.66895,841.9,2007-04,3,13,2,4.13,4.9,58.7,33.5
USW00024023,"NORTH PLATTE REGIONAL AIRPORT, NE US",41.12199,-100.66895,841.9,2007-05,0,0,0,6.49,0,73.3,47.4
USW00024023,"NORTH PLATTE REGIONAL AIRPORT, NE US",41.12199,-100.66895,841.9,2007-06,0,0,0,2.52,0,81.2,55.8
USW00024023,"NORTH PLATTE REGIONAL AIRPORT, NE US",41.12199,-100.66895,841.9,2007-07,0,0,0,2.72,0,88.2,63.3
USW00024023,"NORTH PLATTE REGIONAL AIRPORT, NE US",41.12199,-100.66895,841.9,2007-08,0,0,0,0.77,0,89.5,62.6
USW00024023,"NORTH PLATTE REGIONAL AIRPORT, NE US",41.12199,-100.66895,841.9,2007-09,0,0,0,1.94,0,81.1,50.2
USW00024023,"NORTH PLATTE REGIONAL AIRPORT, NE US",41.12199,-100.66895,841.9,2007-10,0,11,0,1.17,0,68,36.8
USW00024023,"NORTH PLATTE REGIONAL AIRPORT, NE US",41.12199,-100.66895,841.9,2007-11,0,27,2,0.02,0.6,56.3,20.4
USW00024023,"NORTH PLATTE REGIONAL AIRPORT, NE US",41.12199,-100.66895,841.9,2007-12,22,31,17,0.84,10,33.2,8.8
USW00024023,"NORTH PLATTE REGIONAL AIRPORT, NE US",41.12199,-100.66895,841.9,2008-01,4,31,10,0.03,1.3,37.4,9
USW00024023,"NORTH PLATTE REGIONAL AIRPORT, NE US",41.12199,-100.66895,841.9,2008-02,1,27,3,0.1,1.7,45,14
USW00024023,"NORTH PLATTE REGIONAL AIRPORT, NE US",41.12199,-100.66895,841.9,2008-03,2,30,1,0.91,8.3,52.9,21
USW00024023,"NORTH PLATTE REGIONAL AIRPORT, NE US",41.12199,-100.66895,841.9,2008-04,2,20,0,3.67,9.6,59.3,30.6
USW00024023,"NORTH PLATTE REGIONAL AIRPORT, NE US",41.12199,-100.66895,841.9,2008-05,0,5,0,7.45,0.6,68.8,42.1
USW00024023,"NORTH PLATTE REGIONAL AIRPORT, NE US",41.12199,-100.66895,841.9,2008-06,0,0,0,2.79,0,80.5,51.3
USW00024023,"NORTH PLATTE REGIONAL AIRPORT, NE US",41.12199,-100.66895,841.9,2008-07,0,0,0,2.24,0,89.9,61.8
USW00024023,"NORTH PLATTE REGIONAL AIRPORT, NE US",41.12199,-100.66895,841.9,2008-08,0,0,0,2.76,0,83.9,59
USW00024023,"NORTH PLATTE REGIONAL AIRPORT, NE US",41.12199,-100.66895,841.9,2008-09,0,0,0,1.35,0,77.1,47.2
USW00024023,"NORTH PLATTE REGIONAL AIRPORT, NE US",41.12199,-100.66895,841.9,2008-10,0,10,0,4.79,1.1,63.8,34.3
USW00024023,"NORTH PLATTE REGIONAL AIRPORT, NE US",41.12199,-100.66895,841.9,2008-11,1,25,0,0.35,2,51.9,24
USW00024023,"NORTH PLATTE REGIONAL AIRPORT, NE US",41.12199,-100.66895,841.9,2008-12,11,31,13,0.24,3.8,36.1,7.5
USW00024023,"NORTH PLATTE REGIONAL AIRPORT, NE US",41.12199,-100.66895,841.9,2009-01,10,31,6,0.33,5.3,43.1,11.7
USW00024023,"NORTH PLATTE REGIONAL AIRPORT, NE US",41.12199,-100.66895,841.9,2009-02,5,27,4,0.96,9.1,46.3,15.8
USW00024023,"NORTH PLATTE REGIONAL AIRPORT, NE US",41.12199,-100.66895,841.9,2009-03,2,28,2,0.32,3.3,53.5,21
USW00024023,"NORTH PLATTE REGIONAL AIRPORT, NE US",41.12199,-100.66895,841.9,2009-04,2,12,2,2.85,7.5,59.6,33.7
USW00024023,"NORTH PLATTE REGIONAL AIRPORT, NE US",41.12199,-100.66895,841.9,2009-05,0,1,0,2.8,0,72.4,44.5
USW00024023,"NORTH PLATTE REGIONAL AIRPORT, NE US",41.12199,-100.66895,841.9,2009-06,0,0,0,3.06,0,78.2,54.8
USW00024023,"NORTH PLATTE REGIONAL AIRPORT, NE US",41.12199,-100.66895,841.9,2009-07,0,0,0,5.01,0,83.6,57.9
USW00024023,"NORTH PLATTE REGIONAL AIRPORT, NE US",41.12199,-100.66895,841.9,2009-08,0,0,0,2.35,0,82.3,55.6
USW00024023,"NORTH PLATTE REGIONAL AIRPORT, NE US",41.12199,-100.66895,841.9,2009-09,0,2,0,1.17,0,74.7,46.5
USW00024023,"NORTH PLATTE REGIONAL AIRPORT, NE US",41.12199,-100.66895,841.9,2009-10,6,23,2,4.3,30.3,51.8,30
USW00024023,"NORTH PLATTE REGIONAL AIRPORT, NE US",41.12199,-100.66895,841.9,2009-11,2,26,0,0.09,0,55.6,24.4
USW00024023,"NORTH PLATTE REGIONAL AIRPORT, NE US",41.12199,-100.66895,841.9,2009-12,21,31,18,0.67,12.3,29,6.4
USW00024023,"NORTH PLATTE REGIONAL AIRPORT, NE US",41.12199,-100.66895,841.9,2010-01,10,31,12,0.15,1.5,36,14.4
USW00024023,"NORTH PLATTE REGIONAL AIRPORT, NE US",41.12199,-100.66895,841.9,2010-02,15,28,13,0.83,12.3,35.7,13.9
USW00024023,"NORTH PLATTE REGIONAL AIRPORT, NE US",41.12199,-100.66895,841.9,2010-03,1,25,0,2.26,3.9,52.7,27.2
USW00024023,"NORTH PLATTE REGIONAL AIRPORT, NE US",41.12199,-100.66895,841.9,2010-04,0,10,0,2.97,0.7,63.3,36.5
USW00024023,"NORTH PLATTE REGIONAL AIRPORT, NE US",41.12199,-100.66895,841.9,2010-05,0,8,0,2.29,0,68.5,41.2
USW00024023,"NORTH PLATTE REGIONAL AIRPORT, NE US",41.12199,-100.66895,841.9,2010-06,0,0,0,5,0,81.9,57.1
USW00024023,"NORTH PLATTE REGIONAL AIRPORT, NE US",41.12199,-100.66895,841.9,2010-07,0,0,0,3.98,0,86.4,63.3
USW00024023,"NORTH PLATTE REGIONAL AIRPORT, NE US",41.12199,-100.66895,841.9,2010-08,0,0,0,2.35,0,87.9,60.5
USW00024023,"NORTH PLATTE REGIONAL AIRPORT, NE US",41.12199,-100.66895,841.9,2010-09,0,0,0,1.26,0,79.3,45.8
USW00024023,"NORTH PLATTE REGIONAL AIRPORT, NE US",41.12199,-100.66895,841.9,2010-10,0,12,0,1.05,0,68.5,35.7
USW00024023,"NORTH PLATTE REGIONAL AIRPORT, NE US",41.12199,-100.66895,841.9,2010-11,0,30,5,0.63,0.5,49.6,20
USW00024023,"NORTH PLATTE REGIONAL AIRPORT, NE US",41.12199,-100.66895,841.9,2010-12,1,31,9,0.44,7.6,40,13.9
USW00024023,"NORTH PLATTE REGIONAL AIRPORT, NE US",41.12199,-100.66895,841.9,2011-01,27,31,13,1.05,14.7,33.9,6.9
USW00024023,"NORTH PLATTE REGIONAL AIRPORT, NE US",41.12199,-100.66895,841.9,2011-02,6,28,9,0.68,7.2,39.8,10.3
USW00024023,"NORTH PLATTE REGIONAL AIRPORT, NE US",41.12199,-100.66895,841.9,2011-03,4,26,4,0.9,7.6,49.9,24.7
USW00024023,"NORTH PLATTE REGIONAL AIRPORT, NE US",41.12199,-100.66895,841.9,2011-04,2,12,0,2.18,5,60.3,33.5
USW00024023,"NORTH PLATTE REGIONAL AIRPORT, NE US",41.12199,-100.66895,841.9,2011-05,0,4,0,5.7,0,68.1,42
USW00024023,"NORTH PLATTE REGIONAL AIRPORT, NE US",41.12199,-100.66895,841.9,2011-06,0,0,0,4.18,0,81.3,55.1
USW00024023,"NORTH PLATTE REGIONAL AIRPORT, NE US",41.12199,-100.66895,841.9,2011-07,0,0,0,3.45,0,90.4,66
USW00024023,"NORTH PLATTE REGIONAL AIRPORT, NE US",41.12199,-100.66895,841.9,2011-08,0,0,0,1.99,0,87.5,61.9
USW00024023,"NORTH PLATTE REGIONAL AIRPORT, NE US",41.12199,-100.66895,841.9,2011-09,0,1,0,0.98,0,76.9,43.3
USW00024023,"NORTH PLATTE REGIONAL AIRPORT, NE US",41.12199,-100.66895,841.9,2011-10,0,13,0,2.17,0,68.3,35.9
USW00024023,"NORTH PLATTE REGIONAL AIRPORT, NE US",41.12199,-100.66895,841.9,2011-11,0,28,1,0.12,1.5,54.4,19.8
USW00024023,"NORTH PLATTE REGIONAL AIRPORT, NE US",41.12199,-100.66895,841.9,2011-12,4,31,7,0.32,3,42.9,12.4
USW00024023,"NORTH PLATTE REGIONAL AIRPORT, NE US",41.12199,-100.66895,841.9,2012-01,1,31,3,0.12,2.2,47.2,11.9
USW00024023,"NORTH PLATTE REGIONAL AIRPORT, NE US",41.12199,-100.66895,841.9,2012-02,15,29,5,1.23,8.9,41.4,15.2
USW00024023,"NORTH PLATTE REGIONAL AIRPORT, NE US",41.12199,-100.66895,841.9,2012-03,0,18,0,0.82,0,69.2,30.4
USW00024023,"NORTH PLATTE REGIONAL AIRPORT, NE US",41.12199,-100.66895,841.9,2012-04,0,9,0,3.68,0,66.5,38
USW00024023,"NORTH PLATTE REGIONAL AIRPORT, NE US",41.12199,-100.66895,841.9,2012-05,0,3,0,0.74,0,78.1,45.6
USW00024023,"NORTH PLATTE REGIONAL AIRPORT, NE US",41.12199,-100.66895,841.9,2012-06,0,0,0,0.87,0,92,58.5
USW00024023,"NORTH PLATTE REGIONAL AIRPORT, NE US",41.12199,-100.66895,841.9,2012-07,0,0,0,0.69,0,98,62.7
USW00024023,"NORTH PLATTE REGIONAL AIRPORT, NE US",41.12199,-100.66895,841.9,2012-08,0,0,0,1.09,0,90.3,56.4
USW00024023,"NORTH PLATTE REGIONAL AIRPORT, NE US",41.12199,-100.66895,841.9,2012-09,0,0,0,0.1,0,83.2,43.2
USW00024023,"NORTH PLATTE REGIONAL AIRPORT, NE US",41.12199,-100.66895,841.9,2012-10,1,22,0,0.28,2.2,63.6,29.6
USW00024023,"NORTH PLATTE REGIONAL AIRPORT, NE US",41.12199,-100.66895,841.9,2012-11,0,30,0,0.05,0.5,57.2,19.9
USW00024023,"NORTH PLATTE REGIONAL AIRPORT, NE US",41.12199,-100.66895,841.9,2012-12,12,31,9,0.37,5.2,40.7,9.6
USW00024023,"NORTH PLATTE REGIONAL AIRPORT, NE US",41.12199,-100.66895,841.9,2013-01,5,31,9,0.24,1.1,39,10.5
USW00024023,"NORTH PLATTE REGIONAL AIRPORT, NE US",41.12199,-100.66895,841.9,2013-02,11,27,4,1.04,11,42.8,15
USW00024023,"NORTH PLATTE REGIONAL AIRPORT, NE US",41.12199,-100.66895,841.9,2013-03,4,30,2,0.5,2.7,52,21.2
USW00024023,"NORTH PLATTE REGIONAL AIRPORT, NE US",41.12199,-100.66895,841.9,2013-04,4,21,1,1.28,6.7,57.6,28.4
USW00024023,"NORTH PLATTE REGIONAL AIRPORT, NE US",41.12199,-100.66895,841.9,2013-05,0,5,0,3.12,0.9,72.7,45
USW00024023,"NORTH PLATTE REGIONAL AIRPORT, NE US",41.12199,-100.66895,841.9,2013-06,0,0,0,1.95,0,84.6,53.8
USW00024023,"NORTH PLATTE REGIONAL AIRPORT, NE US",41.12199,-100.66895,841.9,2013-07,0,0,0,2.74,0,87.8,60.4
USW00024023,"NORTH PLATTE REGIONAL AIRPORT, NE US",41.12199,-100.66895,841.9,2013-08,0,0,0,3.51,0,87.6,62
USW00024023,"NORTH PLATTE REGIONAL AIRPORT, NE US",41.12199,-100.66895,841.9,2013-09,0,0,0,5.07,0,81.7,53.9
USW00024023,"NORTH PLATTE REGIONAL AIRPORT, NE US",41.12199,-100.66895,841.9,2013-10,0,15,0,1.66,0,61.1,34.2
USW00024023,"NORTH PLATTE REGIONAL AIRPORT, NE US",41.12199,-100.66895,841.9,2013-11,2,30,3,0.51,3.1,50.2,21.4
USW00024023,"NORTH PLATTE REGIONAL AIRPORT, NE US",41.12199,-100.66895,841.9,2013-12,3,31,11,0.16,3.6,39.2,8.7
USW00024023,"NORTH PLATTE REGIONAL AIRPORT, NE US",41.12199,-100.66895,841.9,2014-01,1,31,8,0.32,4.1,42.4,10.2
USW00024023,"NORTH PLATTE REGIONAL AIRPORT, NE US",41.12199,-100.66895,841.9,2014-02,20,28,17,0.73,11.6,32.5,8.3
USW00024023,"NORTH PLATTE REGIONAL AIRPORT, NE US",41.12199,-100.66895,841.9,2014-03,4,31,4,0.79,6.3,53.1,20.2
USW00024023,"NORTH PLATTE REGIONAL AIRPORT, NE US",41.12199,-100.66895,841.9,2014-04,0,12,0,0.64,1.1,63.2,32.9
USW00024023,"NORTH PLATTE REGIONAL AIRPORT, NE US",41.12199,-100.66895,841.9,2014-05,0,8,0,1.81,0,72.6,43.1
USW00024023,"NORTH PLATTE REGIONAL AIRPORT, NE US",41.12199,-100.66895,841.9,2014-06,0,0,0,8.75,0,81,54.6
USW00024023,"NORTH PLATTE REGIONAL AIRPORT, NE US",41.12199,-100.66895,841.9,2014-07,0,0,0,0.14,0,86.1,57.6
USW00024023,"NORTH PLATTE REGIONAL AIRPORT, NE US",41.12199,-100.66895,841.9,2014-08,0,0,0,5.11,0,86.8,59.2
USW00024023,"NORTH PLATTE REGIONAL AIRPORT, NE US",41.12199,-100.66895,841.9,2014-09,0,0,0,1.39,0,77.2,49
USW00024023,"NORTH PLATTE REGIONAL AIRPORT, NE US",41.12199,-100.66895,841.9,2014-10,0,12,0,0.73,0,69.7,34.7
USW00024023,"NORTH PLATTE REGIONAL AIRPORT, NE US",41.12199,-100.66895,841.9,2014-11,0,29,7,0.08,0.4,48.5,15.3
USW00024023,"NORTH PLATTE REGIONAL AIRPORT, NE US",41.12199,-100.66895,841.9,2014-12,6,29,12,1.04,8.7,39.1,15.3
USW00024023,"NORTH PLATTE REGIONAL AIRPORT, NE US",41.12199,-100.66895,841.9,2015-01,10,31,7,0.28,3.5,42.4,12.2
USW00024023,"NORTH PLATTE REGIONAL AIRPORT, NE US",41.12199,-100.66895,841.9,2015-02,6,28,11,0.47,6.3,42.7,13.1
USW00024023,"NORTH PLATTE REGIONAL AIRPORT, NE US",41.12199,-100.66895,841.9,2015-03,0,27,2,0.01,0.3,63.6,23.6
USW00024023,"NORTH PLATTE REGIONAL AIRPORT, NE US",41.12199,-100.66895,841.9,2015-04,0,11,0,3.01,2.1,64.9,35.9
USW00024023,"NORTH PLATTE REGIONAL AIRPORT, NE US",41.12199,-100.66895,841.9,2015-05,0,3,0,4.34,0,66.9,43.9
USW00024023,"NORTH PLATTE REGIONAL AIRPORT, NE US",41.12199,-100.66895,841.9,2015-06,0,0,0,2.74,0,83.1,58
USW00024023,"NORTH PLATTE REGIONAL AIRPORT, NE US",41.12199,-100.66895,841.9,2015-07,0,0,0,2.55,0,87.9,60.4
USW00024023,"NORTH PLATTE REGIONAL AIRPORT, NE US",41.12199,-100.66895,841.9,2015-08,0,0,0,3.19,0,83.9,56.4
USW00024023,"NORTH PLATTE REGIONAL AIRPORT, NE US",41.12199,-100.66895,841.9,2015-09,0,0,0,1.25,0,83.2,54.3
USW00024023,"NORTH PLATTE REGIONAL AIRPORT, NE US",41.12199,-100.66895,841.9,2015-10,0,6,0,2.06,0,68.8,39.2
USW00024023,"NORTH PLATTE REGIONAL AIRPORT, NE US",41.12199,-100.66895,841.9,2015-11,0,24,5,0.68,4.6,51.5,25.5
USW00024023,"NORTH PLATTE REGIONAL AIRPORT, NE US",41.12199,-100.66895,841.9,2015-12,7,31,9,0.28,3.4,42.3,17.7
USW00024023,"NORTH PLATTE REGIONAL AIRPORT, NE US",41.12199,-100.66895,841.9,2016-01,4,31,6,0.48,5.6,41.1,16
USW00024023,"NORTH PLATTE REGIONAL AIRPORT, NE US",41.12199,-100.66895,841.9,2016-02,17,29,3,0.78,12,48.7,20
USW00024023,"NORTH PLATTE REGIONAL AIRPORT, NE US",41.12199,-100.66895,841.9,2016-03,1,26,0,0.66,4.3,61,24.4
USW00024023,"NORTH PLATTE REGIONAL AIRPORT, NE US",41.12199,-100.66895,841.9,2016-04,0,11,0,5.36,2.5,62.5,35.3
USW00024023,"NORTH PLATTE REGIONAL AIRPORT, NE US",41.12199,-100.66895,841.9,2016-05,0,4,0,3.91,0,69.7,43.3
USW00024023,"NORTH PLATTE REGIONAL AIRPORT, NE US",41.12199,-100.66895,841.9,2016-06,0,0,0,3.26,0,87.4,57.9
USW00024023,"NORTH PLATTE REGIONAL AIRPORT, NE US",41.12199,-100.66895,841.9,2016-07,0,0,0,3.84,0,86.7,62
USW00024023,"NORTH PLATTE REGIONAL AIRPORT, NE US",41.12199,-100.66895,841.9,2016-08,0,0,0,0.88,0,86,58.9
USW00024023,"NORTH PLATTE REGIONAL AIRPORT, NE US",41.12199,-100.66895,841.9,2016-09,0,0,0,0.94,0,81.1,50
USW00024023,"NORTH PLATTE REGIONAL AIRPORT, NE US",41.12199,-100.66895,841.9,2016-10,0,6,0,1.54,0,72.5,38.6
USW00024023,"NORTH PLATTE REGIONAL AIRPORT, NE US",41.12199,-100.66895,841.9,2016-11,5,26,0,0.79,5,58.9,26.6
USW00024023,"NORTH PLATTE REGIONAL AIRPORT, NE US",41.12199,-100.66895,841.9,2016-12,0,31,10,0.63,0.8,40.5,10
USW00024023,"NORTH PLATTE REGIONAL AIRPORT, NE US",41.12199,-100.66895,841.9,2017-01,10,31,9,0.67,8.6,36.9,13
USW00024023,"NORTH PLATTE REGIONAL AIRPORT, NE US",41.12199,-100.66895,841.9,2017-02,5,27,6,0.52,5.9,51.1,20.1
USW00024023,"NORTH PLATTE REGIONAL AIRPORT, NE US",41.12199,-100.66895,841.9,2017-03,0,20,0,1.82,0,59.4,28.3
USW00024023,"NORTH PLATTE REGIONAL AIRPORT, NE US",41.12199,-100.66895,841.9,2017-04,0,11,0,2.23,1,64.6,37.1
USW00024023,"NORTH PLATTE REGIONAL AIRPORT, NE US",41.12199,-100.66895,841.9,2017-05,0,6,0,3.31,0,71.3,41.7
USW00024023,"NORTH PLATTE REGIONAL AIRPORT, NE US",41.12199,-100.66895,841.9,2017-06,0,0,0,0.44,0,87.9,55.3
USW00024023,"NORTH PLATTE REGIONAL AIRPORT, NE US",41.12199,-100.66895,841.9,2017-07,0,0,0,5.19,0,93.1,63.4
USW00024023,"NORTH PLATTE REGIONAL AIRPORT, NE US",41.12199,-100.66895,841.9,2017-08,0,0,0,3.6,0,84.3,56.2
USW00024023,"NORTH PLATTE REGIONAL AIRPORT, NE US",41.12199,-100.66895,841.9,2017-09,0,0,0,4.76,0,80.5,50.6
USW00024023,"NORTH PLATTE REGIONAL AIRPORT, NE US",41.12199,-100.66895,841.9,2017-10,0,15,0,3.11,0.6,66.1,34.6
USW00024023,"NORTH PLATTE REGIONAL AIRPORT, NE US",41.12199,-100.66895,841.9,2017-11,0,26,0,0.07,0.4,55.6,25.2
USW00024023,"NORTH PLATTE REGIONAL AIRPORT, NE US",41.12199,-100.66895,841.9,2017-12,10,31,9,0.55,7.5,40.1,10.8
USW00024023,"NORTH PLATTE REGIONAL AIRPORT, NE US",41.12199,-100.66895,841.9,2018-01,23,31,12,1.05,14.2,35.7,10.1
USW00024023,"NORTH PLATTE REGIONAL AIRPORT, NE US",41.12199,-100.66895,841.9,2018-02,25,28,13,0.85,13.8,33.8,9.2
USW00024023,"NORTH PLATTE REGIONAL AIRPORT, NE US",41.12199,-100.66895,841.9,2018-03,1,28,0,0.71,3.1,54.8,24.4
USW00024023,"NORTH PLATTE REGIONAL AIRPORT, NE US",41.12199,-100.66895,841.9,2018-04,6,20,2,1.46,9.5,58.4,28.1
USW00024023,"NORTH PLATTE REGIONAL AIRPORT, NE US",41.12199,-100.66895,841.9,2018-05,0,0,0,7.32,0,76.8,50.2
USW00024023,"NORTH PLATTE REGIONAL AIRPORT, NE US",41.12199,-100.66895,841.9,2018-06,0,0,0,3.76,0,86.3,59.4
USW00024023,"NORTH PLATTE REGIONAL AIRPORT, NE US",41.12199,-100.66895,841.9,2018-07,0,0,0,2.28,0,88.6,62.7
USW00024023,"NORTH PLATTE REGIONAL AIRPORT, NE US",41.12199,-100.66895,841.9,2018-08,0,0,0,1.69,0,86.8,57.8
USW00024023,"NORTH PLATTE REGIONAL AIRPORT, NE US",41.12199,-100.66895,841.9,2018-09,0,1,0,0.43,0,80.3,54.3
USW00024023,"NORTH PLATTE REGIONAL AIRPORT, NE US",41.12199,-100.66895,841.9,2018-10,2,13,0,2.86,1,61.8,33.6
USW00024023,"NORTH PLATTE REGIONAL AIRPORT, NE US",41.12199,-100.66895,841.9,2018-11,5,28,4,0.91,2.1,48.4,20.1
USW00024023,"NORTH PLATTE REGIONAL AIRPORT, NE US",41.12199,-100.66895,841.9,2018-12,14,31,6,1.2,6.8,39.4,14.7
USW00024023,"NORTH PLATTE REGIONAL AIRPORT, NE US",41.12199,-100.66895,841.9,2019-01,1,31,8,0.13,1.6,41.5,16.4
USW00024023,"NORTH PLATTE REGIONAL AIRPORT, NE US",41.12199,-100.66895,841.9,2019-02,14,28,21,0.63,8.9,29.7,7
USW00024023,"NORTH PLATTE REGIONAL AIRPORT, NE US",41.12199,-100.66895,841.9,2019-03,15,25,6,2.69,16,45.1,19.9
USW00024023,"NORTH PLATTE REGIONAL AIRPORT, NE US",41.12199,-100.66895,841.9,2019-04,4,11,1,1.43,4.9,65.3,33.4
USW00024023,"NORTH PLATTE REGIONAL AIRPORT, NE US",41.12199,-100.66895,841.9,2019-05,0,4,0,6.2,0,66.8,40.8
USW00024023,"NORTH PLATTE REGIONAL AIRPORT, NE US",41.12199,-100.66895,841.9,2019-06,0,0,0,3.59,0,82.6,54.4
USW00024023,"NORTH PLATTE REGIONAL AIRPORT, NE US",41.12199,-100.66895,841.9,2019-07,0,0,0,5.83,0,88.2,63.5
USW00024023,"NORTH PLATTE REGIONAL AIRPORT, NE US",41.12199,-100.66895,841.9,2019-08,0,0,0,5.39,0,83.4,61.7
USW00024023,"NORTH PLATTE REGIONAL AIRPORT, NE US",41.12199,-100.66895,841.9,2019-09,0,0,0,0.96,0,84.1,55.3
USW00024023,"NORTH PLATTE REGIONAL AIRPORT, NE US",41.12199,-100.66895,841.9,2019-10,0,23,2,0.42,1.1,59.3,27.1
USW00024023,"NORTH PLATTE REGIONAL AIRPORT, NE US",41.12199,-100.66895,841.9,2019-11,5,29,3,0.74,8.3,50.9,20.4
USW00024023,"NORTH PLATTE REGIONAL AIRPORT, NE US",41.12199,-100.66895,841.9,2019-12,10,31,5,0.94,7.7,43.3,17.7
USW00024023,"NORTH PLATTE REGIONAL AIRPORT, NE US",41.12199,-100.66895,841.9,2020-01,5,31,4,0.2,1.2,43,16.5
USW00024023,"NORTH PLATTE REGIONAL AIRPORT, NE US",41.12199,-100.66895,841.9,2020-02,3,29,3,0.36,7,46.4,15.2
USW00024023,"NORTH PLATTE REGIONAL AIRPORT, NE US",41.12199,-100.66895,841.9,2020-03,2,21,1,1.43,2.3,56.8,28.5
USW00024023,"NORTH PLATTE REGIONAL AIRPORT, NE US",41.12199,-100.66895,841.9,2020-04,1,17,0,0.61,3.3,64.3,28.3
USW00024023,"NORTH PLATTE REGIONAL AIRPORT, NE US",41.12199,-100.66895,841.9,2020-05,0,1,0,3.76,0,70.5,43.9
USW00024023,"NORTH PLATTE REGIONAL AIRPORT, NE US",41.12199,-100.66895,841.9,2020-06,0,0,0,1.69,0,90.3,59.7
USW00024023,"NORTH PLATTE REGIONAL AIRPORT, NE US",41.12199,-100.66895,841.9,2020-07,0,0,0,4.31,0,90.2,62.9
USW00024023,"NORTH PLATTE REGIONAL AIRPORT, NE US",41.12199,-100.66895,841.9,2020-08,0,0,0,0.44,0,90.9,59.9
USW00024023,"NORTH PLATTE REGIONAL AIRPORT, NE US",41.12199,-100.66895,841.9,2020-09,0,1,0,0.59,0,81.2,46.1
USW00024023,"NORTH PLATTE REGIONAL AIRPORT, NE US",41.12199,-100.66895,841.9,2020-10,2,18,2,0.38,3,64.5,30.2
USW00024023,"NORTH PLATTE REGIONAL AIRPORT, NE US",41.12199,-100.66895,841.9,2020-11,0,26,0,0.28,1.5,61,23.4
USW00024023,"NORTH PLATTE REGIONAL AIRPORT, NE US",41.12199,-100.66895,841.9,2020-12,5,31,4,0.72,7.4,47.5,15.1
USW00024023,"NORTH PLATTE REGIONAL AIRPORT, NE US",41.12199,-100.66895,841.9,2021-01,8,31,7,0.41,5.2,40.9,19
USW00024023,"NORTH PLATTE REGIONAL AIRPORT, NE US",41.12199,-100.66895,841.9,2021-02,19,28,14,1.43,18.7,30.1,4.8
USW00024023,"NORTH PLATTE REGIONAL AIRPORT, NE US",41.12199,-100.66895,841.9,2021-03,0,23,0,3.74,0,58.4,27.9
USW00024023,"NORTH PLATTE REGIONAL AIRPORT, NE US",41.12199,-100.66895,841.9,2021-04,1,20,0,1.53,3.2,64.3,29.6
USW00024023,"NORTH PLATTE REGIONAL AIRPORT, NE US",41.12199,-100.66895,841.9,2021-05,0,1,0,4.82,0,71.3,47.3
USW00024023,"NORTH PLATTE REGIONAL AIRPORT, NE US",41.12199,-100.66895,841.9,2021-06,0,0,0,1.58,0,88.4,58.4
USW00024023,"NORTH PLATTE REGIONAL AIRPORT, NE US",41.12199,-100.66895,841.9,2021-07,0,0,0,2.6,0,89.3,63.5
USW00024023,"NORTH PLATTE REGIONAL AIRPORT, NE US",41.12199,-100.66895,841.9,2021-08,0,0,0,3.3,0,91.2,60.9
USW00024023,"NORTH PLATTE REGIONAL AIRPORT, NE US",41.12199,-100.66895,841.9,2021-09,0,0,0,2.23,0,84.5,52.3
USW00024023,"NORTH PLATTE REGIONAL AIRPORT, NE US",41.12199,-100.66895,841.9,2021-10,0,10,0,0.83,2.5,68.6,36.2
USW00024023,"NORTH PLATTE REGIONAL AIRPORT, NE US",41.12199,-100.66895,841.9,2021-11,2,23,0,0.25,2.2,59.9,26
USW00024023,"NORTH PLATTE REGIONAL AIRPORT, NE US",41.12199,-100.66895,841.9,2021-12,1,31,3,0.41,1.2,50.3,17.5
USW00024023,"NORTH PLATTE REGIONAL AIRPORT, NE US",41.12199,-100.66895,841.9,2022-01,7,31,8,0.39,7.2,42.7,11.2
USW00024023,"NORTH PLATTE REGIONAL AIRPORT, NE US",41.12199,-100.66895,841.9,2022-02,0,28,5,0.04,0.7,46.5,11.2
USW00024023,"NORTH PLATTE REGIONAL AIRPORT, NE US",41.12199,-100.66895,841.9,2022-03,9,28,5,0.85,9.9,53.2,21.2
USW00024023,"NORTH PLATTE REGIONAL AIRPORT, NE US",41.12199,-100.66895,841.9,2022-04,0,15,0,1.43,0,66.1,32.4
USW00024023,"NORTH PLATTE REGIONAL AIRPORT, NE US",41.12199,-100.66895,841.9,2022-05,0,4,0,2.98,0.1,74.9,44.1
USW00024023,"NORTH PLATTE REGIONAL AIRPORT, NE US",41.12199,-100.66895,841.9,2022-06,0,0,0,0.44,0,90.2,57.6
USW00024023,"NORTH PLATTE REGIONAL AIRPORT, NE US",41.12199,-100.66895,841.9,2022-07,0,0,0,4.03,0,93.7,64
USW00024023,"NORTH PLATTE REGIONAL AIRPORT, NE US",41.12199,-100.66895,841.9,2022-08,0,0,0,0.96,0,92.9,60.5
USW00024023,"NORTH PLATTE REGIONAL AIRPORT, NE US",41.12199,-100.66895,841.9,2022-09,0,0,0,0.91,0,85.9,49.7
USW00024023,"NORTH PLATTE REGIONAL AIRPORT, NE US",41.12199,-100.66895,841.9,2022-10,0,17,0,0.57,0,71.1,33.2
USW00024023,"NORTH PLATTE REGIONAL AIRPORT, NE US",41.12199,-100.66895,841.9,2022-11,2,27,2,0.25,2.6,52.1,17.3
USW00024023,"NORTH PLATTE REGIONAL AIRPORT, NE US",41.12199,-100.66895,841.9,2022-12,8,30,9,1.4,5.2,37.9,11.4
